kode_wilayah,kabupaten_kota,tahun,stunting_persen,kemiskinan_persen
7301,Kepulauan Selayar,2021,27.7,12.45
7301,Kepulauan Selayar,2022,32.1,12.24
7301,Kepulauan Selayar,2023,31.3,12.27
7302,Bulukumba,2021,30.8,7.43
7302,Bulukumba,2022,28.4,7.39
7302,Bulukumba,2023,33.7,7.22
7303,Bantaeng,2021,22.5,9.41
7303,Bantaeng,2022,22.1,9.07
7303,Bantaeng,2023,15.8,9.18
7304,Jeneponto,2021,37.9,14.28
7304,Jeneponto,2022,39.8,13.73
7304,Jeneponto,2023,36.3,13.06
7305,Takalar,2021,34.7,8.25
7305,Takalar,2022,31.3,8.25
7305,Takalar,2023,35.4,8.29
7306,Gowa,2021,33,7.54
7306,Gowa,2022,33,7.36
7306,Gowa,2023,21.1,7.42
7307,Sinjai,2021,30.1,8.84
7307,Sinjai,2022,29.4,8.8
7307,Sinjai,2023,33.5,8.55
7308,Maros,2021,37.5,9.57
7308,Maros,2022,30.1,9.43
7308,Maros,2023,34.7,9.65
7309,Pangkajene dan Kepulauan,2021,33.1,14.28
7309,Pangkajene dan Kepulauan,2022,34.2,13.92
7309,Pangkajene dan Kepulauan,2023,30,13.4
7310,Barru,2021,26.4,8.68
7310,Barru,2022,14.1,8.4
7310,Barru,2023,22.1,8.46
7311,Bone,2021,34.1,10.52
7311,Bone,2022,27.8,10.58
7311,Bone,2023,26,10.53
7312,Soppeng,2021,25.4,7.53
7312,Soppeng,2022,26.9,7.49
7312,Soppeng,2023,24,7.48
7313,Wajo,2021,22.6,6.46
7313,Wajo,2022,28.6,6.57
7313,Wajo,2023,27.4,6.73
7314,Sidenreng Rappang,2021,25.4,5.04
7314,Sidenreng Rappang,2022,27.3,5.11
7314,Sidenreng Rappang,2023,26.4,5.14
7315,Pinrang,2021,24.5,8.81
7315,Pinrang,2022,20.9,8.79
7315,Pinrang,2023,17.6,8.9
7316,Enrekang,2021,31.9,12.47
7316,Enrekang,2022,26.4,12.39
7316,Enrekang,2023,34.9,12.69
7317,Luwu,2021,22.8,12.53
7317,Luwu,2022,26.7,12.49
7317,Luwu,2023,32.1,12.71
7318,Tana Toraja,2021,29.2,12.27
7318,Tana Toraja,2022,35.4,12.18
7318,Tana Toraja,2023,36.9,12.48
7322,Luwu Utara,2021,19.5,13.59
7322,Luwu Utara,2022,29.8,13.22
7322,Luwu Utara,2023,15.5,12.66
7325,Luwu Timur,2021,19.9,6.94
7325,Luwu Timur,2022,22.6,6.81
7325,Luwu Timur,2023,26,6.93
7326,Toraja Utara,2021,32.6,11.99
7326,Toraja Utara,2022,34.1,11.65
7326,Toraja Utara,2023,28.7,12.12
7371,Kota Makassar,2021,18.8,4.82
7371,Kota Makassar,2022,18.4,4.58
7371,Kota Makassar,2023,25.6,5.07
7372,Kota Parepare,2021,24.8,5.4
7372,Kota Parepare,2022,27.1,5.41
7372,Kota Parepare,2023,26.7,5.34
7373,Kota Palopo,2021,28.5,8.14
7373,Kota Palopo,2022,23.8,7.78
7373,Kota Palopo,2023,25.5,7.69
